{"text": " Hello Cats from the Outer Outer Space.", "segments": [{"id": 0, "seek": 0, "start": 0.0, "end": 2.44, "text": " Hello Cats from the Outer Outer Space.", "tokens": [50364, 2425, 40902, 490, 264, 5925, 260, 5925, 260, 8705, 13, 50486], "temperature": 0.0, "avg_logprob": -0.37960954812856823, "compression_ratio": 0.95, "no_speech_prob": 0.009377679787576199}], "language": "en"}